"treatment","mean(MeanDRrate)"
"Cucurbitaceae_5g_10",0.337254921967173
"Cucurbitaceae_5g_30",0.264733570686421
"Cucurbitaceae_5g_50",0.201346385090075
"Cucurbitaceae_5g_75",0.139676954627955
