"treatment","mean(sprate)"
"Cucurbitaceae_5g_10",0.246632779434442
"Cucurbitaceae_5g_30",0.251586396536001
"Cucurbitaceae_5g_50",0.249073461506981
"Cucurbitaceae_5g_75",0.526080247708252
