"treatment","mean(tiprate)"
"Cucurbitaceae_5g_10",0.465814955364622
"Cucurbitaceae_5g_30",0.495062350966182
"Cucurbitaceae_5g_50",0.500977434432157
"Cucurbitaceae_5g_75",0.65079491623331
