"Clade","Model","lamda","AICc","AW"
"5g","bvar.dvar",1.30577871548911,116622.394102851,0.502345787711079
