"Clade","Model","lamda","AICc","AW"
"4g","bvar.dvar",1.39045884542408,62217.0357225706,0.385139693767906
