"Clade","Model","lamda","AICc","AW"
"otl","bvar.l.d0",0.0445546651311452,857591.789883474,0.733666083536408
