"Clade","Model","lamda","AICc","AW"
"Cucurbitaceae_5g","bcst.dcst",0.46353957879154,2868.24362222048,0.240634794600473
