Clade,Model,lamda,AICc
Cucurbitaceae_5g_0.5_2,bcst.d0,0.249046875,1626.73016910072
Cucurbitaceae_5g_0.5_2,bcst.dcst,0.624062223194919,1573.42033266545
Cucurbitaceae_5g_0.5_2,bvar.d0,0.35858403649224,1586.86025176518
Cucurbitaceae_5g_0.5_2,bvar.l.d0,0.361953304226072,1592.0858402528
Cucurbitaceae_5g_0.5_2,bvar.dcst,0.606564286644346,1575.30819271851
Cucurbitaceae_5g_0.5_2,bvar.l.dcst,0.606903718770616,1575.32949354032
Cucurbitaceae_5g_0.5_2,bcst.dvar,0.607536554504585,1575.3135096895
Cucurbitaceae_5g_0.5_2,bcst.dvar.l,0.606838336595095,1575.32963008625
Cucurbitaceae_5g_0.5_2,bvar.dvar,0.692771662850947,1576.98955035775
