Clade,Model,lamda,AICc
Cucurbitaceae_5g_0.75_8,bcst.d0,0.249328125,893.812699102497
Cucurbitaceae_5g_0.75_8,bcst.dcst,1.08012935490441,829.795494837114
Cucurbitaceae_5g_0.75_8,bvar.d0,0.43548484972629,850.805945732461
Cucurbitaceae_5g_0.75_8,bvar.l.d0,0.328956917046766,866.098786207579
Cucurbitaceae_5g_0.75_8,bvar.dcst,1.15675867525533,831.45886607698
Cucurbitaceae_5g_0.75_8,bvar.l.dcst,0.395459871714313,857.317508865992
Cucurbitaceae_5g_0.75_8,bcst.dvar,1.15530279236926,831.474182058634
Cucurbitaceae_5g_0.75_8,bcst.dvar.l,1.15522538728815,831.47171611113
Cucurbitaceae_5g_0.75_8,bvar.dvar,0.893036411360312,849.49289595484
