Clade,Model,lamda,AICc
Cucurbitaceae_5g_0.3_10,bcst.d0,0.2576953125,2160.33133385865
Cucurbitaceae_5g_0.3_10,bcst.dcst,0.569669737736549,2097.54317945594
Cucurbitaceae_5g_0.3_10,bvar.d0,0.36592324439202,2107.92095643732
Cucurbitaceae_5g_0.3_10,bvar.l.d0,0.361587437945712,2117.77460906294
Cucurbitaceae_5g_0.3_10,bvar.dcst,0.540564467071689,2098.76471351358
Cucurbitaceae_5g_0.3_10,bvar.l.dcst,0.542540937609568,2098.82910767989
Cucurbitaceae_5g_0.3_10,bcst.dvar,0.544518283503933,2098.84432961538
Cucurbitaceae_5g_0.3_10,bcst.dvar.l,0.542307264016382,2098.82910022869
Cucurbitaceae_5g_0.3_10,bvar.dvar,0.535644330438514,2100.71814332835
