Clade,Model,lamda,AICc
Cucurbitaceae_5g_0.5_4,bcst.d0,0.2649375,1596.18766514714
Cucurbitaceae_5g_0.5_4,bcst.dcst,0.646364984243008,1544.44603780694
Cucurbitaceae_5g_0.5_4,bvar.d0,0.387270457318905,1552.07106084854
Cucurbitaceae_5g_0.5_4,bvar.l.d0,0.359698261762448,1561.29373105392
Cucurbitaceae_5g_0.5_4,bvar.dcst,0.598692923688922,1545.36884298146
Cucurbitaceae_5g_0.5_4,bvar.l.dcst,0.601700343150066,1545.42099986359
Cucurbitaceae_5g_0.5_4,bcst.dvar,0.604478537168489,1545.44335914305
Cucurbitaceae_5g_0.5_4,bcst.dvar.l,0.601125035315996,1545.42093679833
Cucurbitaceae_5g_0.5_4,bvar.dvar,0.427969460557749,1552.7134128978
