Clade,Model,lamda,AICc
Cucurbitaceae_5g_0.5_10,bcst.d0,0.259734375,1601.24171569023
Cucurbitaceae_5g_0.5_10,bcst.dcst,0.582303895351932,1559.69378561152
Cucurbitaceae_5g_0.5_10,bvar.d0,0.369045111155369,1563.74038262451
Cucurbitaceae_5g_0.5_10,bvar.l.d0,0.319472294683039,1572.5619384941
Cucurbitaceae_5g_0.5_10,bvar.dcst,0.531407894397151,1560.40179767006
Cucurbitaceae_5g_0.5_10,bvar.l.dcst,0.536065873166899,1560.50031038752
Cucurbitaceae_5g_0.5_10,bcst.dvar,0.541451157745571,1560.56736711385
Cucurbitaceae_5g_0.5_10,bcst.dvar.l,0.536119005757366,1560.4989359128
Cucurbitaceae_5g_0.5_10,bvar.dvar,0.524495573394719,1562.30716098924
