Clade,Model,lamda,AICc
Cucurbitaceae_5g_0.5_8,bcst.d0,0.269015625,1585.09937904628
Cucurbitaceae_5g_0.5_8,bcst.dcst,0.628294703966496,1539.34203157638
Cucurbitaceae_5g_0.5_8,bvar.d0,0.386200353236999,1543.98019264972
Cucurbitaceae_5g_0.5_8,bvar.l.d0,0.369305347065419,1551.26991200852
Cucurbitaceae_5g_0.5_8,bvar.dcst,0.567883554593844,1539.45613189516
Cucurbitaceae_5g_0.5_8,bvar.l.dcst,0.571648119431019,1539.5350703055
Cucurbitaceae_5g_0.5_8,bcst.dvar,0.575871697966969,1539.58633255708
Cucurbitaceae_5g_0.5_8,bcst.dvar.l,0.571336715160492,1539.53393999275
Cucurbitaceae_5g_0.5_8,bvar.dvar,0.562790035578517,1541.41917917055
