Clade,Model,lamda,AICc
Cucurbitaceae_5g_0.1_4,bcst.d0,0.253125,2679.15329799746
Cucurbitaceae_5g_0.1_4,bcst.dcst,0.472731149802227,2628.22961245825
Cucurbitaceae_5g_0.1_4,bvar.d0,0.337941565671096,2634.72209636629
Cucurbitaceae_5g_0.1_4,bvar.l.d0,0.301968435568729,2644.45453767703
Cucurbitaceae_5g_0.1_4,bvar.dcst,0.445555169728755,2628.86563187619
Cucurbitaceae_5g_0.1_4,bvar.l.dcst,0.447684264486411,2628.96284045587
Cucurbitaceae_5g_0.1_4,bcst.dvar,0.450621203667255,2629.00283880176
Cucurbitaceae_5g_0.1_4,bcst.dvar.l,0.447480458015021,2628.96206320283
Cucurbitaceae_5g_0.1_4,bvar.dvar,0.443550937395643,2630.81785732735
