Clade,Model,lamda,AICc
Cucurbitaceae_5g_0.5_1,bcst.d0,0.256640625,1610.30897287755
Cucurbitaceae_5g_0.5_1,bcst.dcst,0.594771011957157,1564.76689671691
Cucurbitaceae_5g_0.5_1,bvar.d0,0.368985184072577,1569.71232843653
Cucurbitaceae_5g_0.5_1,bvar.l.d0,0.358431115649846,1581.83737173522
Cucurbitaceae_5g_0.5_1,bvar.dcst,0.543969022706541,1565.47854754789
Cucurbitaceae_5g_0.5_1,bvar.l.dcst,0.54787082794375,1565.56219360005
Cucurbitaceae_5g_0.5_1,bcst.dvar,0.55202237853383,1565.61816283776
Cucurbitaceae_5g_0.5_1,bcst.dvar.l,0.548183748959837,1565.56125415284
Cucurbitaceae_5g_0.5_1,bvar.dvar,0.462963639737006,1568.56466861324
