Clade,Model,lamda,AICc
Cucurbitaceae_5g_0.75_6,bcst.d0,0.243421875,884.082668642909
Cucurbitaceae_5g_0.75_6,bcst.dcst,0.792443562167397,845.563693137187
Cucurbitaceae_5g_0.75_6,bvar.d0,0.382536523211632,854.968061709464
Cucurbitaceae_5g_0.75_6,bvar.l.d0,0.392470364371536,861.375272040774
Cucurbitaceae_5g_0.75_6,bvar.dcst,0.785235141465642,847.651258653068
Cucurbitaceae_5g_0.75_6,bvar.l.dcst,0.784766517670662,847.659950674653
Cucurbitaceae_5g_0.75_6,bcst.dvar,0.78533742552513,847.651711876767
Cucurbitaceae_5g_0.75_6,bcst.dvar.l,0.785323098633374,847.65996899031
Cucurbitaceae_5g_0.75_6,bvar.dvar,0.741166240486715,849.85577320851
