Clade,Model,lamda,AICc
Cucurbitaceae_5g_0.3_1,bcst.d0,0.26746875,2125.36689698299
Cucurbitaceae_5g_0.3_1,bcst.dcst,0.547130952297086,2076.02536696862
Cucurbitaceae_5g_0.3_1,bvar.d0,0.368357786054168,2081.74373234621
Cucurbitaceae_5g_0.3_1,bvar.l.d0,0.375645422450544,2096.09684850324
Cucurbitaceae_5g_0.3_1,bvar.dcst,0.50822605570723,2076.49762846891
Cucurbitaceae_5g_0.3_1,bvar.l.dcst,0.51074172127004,2076.59284914497
Cucurbitaceae_5g_0.3_1,bcst.dvar,0.514830093082994,2076.65401528916
Cucurbitaceae_5g_0.3_1,bcst.dvar.l,0.511177076137747,2076.59168010272
Cucurbitaceae_5g_0.3_1,bvar.dvar,0.497321339347721,2079.80812510096
