Clade,Model,lamda,AICc
Cucurbitaceae_5g_0.5_7,bcst.d0,0.261,1592.78829136945
Cucurbitaceae_5g_0.5_7,bcst.dcst,0.558383841409793,1557.3487425568
Cucurbitaceae_5g_0.5_7,bvar.d0,0.361934960997359,1560.71873912487
Cucurbitaceae_5g_0.5_7,bvar.l.d0,0.318401699817404,1567.48202650141
Cucurbitaceae_5g_0.5_7,bvar.dcst,0.507210560193673,1557.89795135765
Cucurbitaceae_5g_0.5_7,bvar.l.dcst,0.511538565843602,1557.97371293441
Cucurbitaceae_5g_0.5_7,bcst.dvar,0.515589783817439,1558.02562074328
Cucurbitaceae_5g_0.5_7,bcst.dvar.l,0.511434583329634,1557.97249508855
Cucurbitaceae_5g_0.5_7,bvar.dvar,0.498344450177828,1559.89339021161
