Clade,Model,lamda,AICc
Cucurbitaceae_5g_0.5_5,bcst.d0,0.2485546875,1636.45739056447
Cucurbitaceae_5g_0.5_5,bcst.dcst,0.67952971016164,1568.25664205638
Cucurbitaceae_5g_0.5_5,bvar.d0,0.377703058344487,1586.38535374399
Cucurbitaceae_5g_0.5_5,bvar.l.d0,0.355383330227291,1600.90358037237
Cucurbitaceae_5g_0.5_5,bvar.dcst,0.680915536432685,1570.30204634351
Cucurbitaceae_5g_0.5_5,bvar.l.dcst,0.681168021255987,1570.31643439229
Cucurbitaceae_5g_0.5_5,bcst.dvar,0.681033747232584,1570.30208302602
Cucurbitaceae_5g_0.5_5,bcst.dvar.l,0.681317789866161,1570.31645539842
Cucurbitaceae_5g_0.5_5,bvar.dvar,0.404240641644073,1587.04754650625
