Clade,Model,lamda,AICc
Cucurbitaceae_5g_0.75_10,bcst.d0,0.248203125,884.736067494111
Cucurbitaceae_5g_0.75_10,bcst.dcst,0.90914902802694,837.186263099455
Cucurbitaceae_5g_0.75_10,bvar.d0,0.402371465487319,851.669627399393
Cucurbitaceae_5g_0.75_10,bvar.l.d0,0.400559608712264,861.129312412658
Cucurbitaceae_5g_0.75_10,bvar.dcst,0.937361537039346,839.208299575486
Cucurbitaceae_5g_0.75_10,bvar.l.dcst,0.938363288002963,839.218202203851
Cucurbitaceae_5g_0.75_10,bcst.dvar,0.937089720261168,839.210799579049
Cucurbitaceae_5g_0.75_10,bcst.dvar.l,0.937581139960925,839.218142504256
Cucurbitaceae_5g_0.75_10,bvar.dvar,0.88649643530836,841.419332065248
