Clade,Model,lamda,AICc
Cucurbitaceae_5g_0.3_7,bcst.d0,0.2555859375,2158.89036034578
Cucurbitaceae_5g_0.3_7,bcst.dcst,0.516694817925185,2110.95563287871
Cucurbitaceae_5g_0.3_7,bvar.d0,0.351545167254517,2115.33015228061
Cucurbitaceae_5g_0.3_7,bvar.l.d0,0.308925602614308,2125.2609802697
Cucurbitaceae_5g_0.3_7,bvar.dcst,0.475571290943816,2111.13261096689
Cucurbitaceae_5g_0.3_7,bvar.l.dcst,0.479801778045348,2111.26035050145
Cucurbitaceae_5g_0.3_7,bcst.dvar,0.484036034980394,2111.35237803671
Cucurbitaceae_5g_0.3_7,bcst.dvar.l,0.479860687221106,2111.25778730454
Cucurbitaceae_5g_0.3_7,bvar.dvar,0.461746753724618,2113.16097445766
