Clade,Model,lamda,AICc
Cucurbitaceae_5g_0.75_7,bcst.d0,0.2697890625,854.63023062734
Cucurbitaceae_5g_0.75_7,bcst.dcst,0.74389612836516,826.318186205675
Cucurbitaceae_5g_0.75_7,bvar.d0,0.41704245155276,823.148341720692
Cucurbitaceae_5g_0.75_7,bvar.l.d0,0.403198069961707,825.223905958941
Cucurbitaceae_5g_0.75_7,bvar.dcst,0.560051184007412,824.97291427272
Cucurbitaceae_5g_0.75_7,bvar.l.dcst,0.599587591908868,825.360559674577
Cucurbitaceae_5g_0.75_7,bcst.dvar,0.621823564323145,825.631133058169
Cucurbitaceae_5g_0.75_7,bcst.dvar.l,0.597709881696464,825.346566126153
Cucurbitaceae_5g_0.75_7,bvar.dvar,0.429460501613846,827.344684122385
