Clade,Model,lamda,AICc
Cucurbitaceae_5g_0.5_3,bcst.d0,0.2604375,1604.22896779457
Cucurbitaceae_5g_0.5_3,bcst.dcst,0.616887626917699,1556.49531185414
Cucurbitaceae_5g_0.5_3,bvar.d0,0.375480294818938,1561.8417587058
Cucurbitaceae_5g_0.5_3,bvar.l.d0,0.363092755559752,1568.98353561354
Cucurbitaceae_5g_0.5_3,bvar.dcst,0.56067333865956,1556.96628720157
Cucurbitaceae_5g_0.5_3,bvar.l.dcst,0.565494986035307,1557.05529032633
Cucurbitaceae_5g_0.5_3,bcst.dvar,0.569819456460561,1557.11451514508
Cucurbitaceae_5g_0.5_3,bcst.dvar.l,0.565433322327956,1557.05421451323
Cucurbitaceae_5g_0.5_3,bvar.dvar,0.554978112037538,1558.88308375508
