Clade,Model,lamda,AICc
Cucurbitaceae_5g_0.75_1,bcst.d0,0.2640234375,863.486567890746
Cucurbitaceae_5g_0.75_1,bcst.dcst,0.799158487932545,829.79402854251
Cucurbitaceae_5g_0.75_1,bvar.d0,0.410198563310496,831.242738067147
Cucurbitaceae_5g_0.75_1,bvar.l.d0,0.395848777264617,834.019133453389
Cucurbitaceae_5g_0.75_1,bvar.dcst,0.669707750200121,830.02558540266
Cucurbitaceae_5g_0.75_1,bvar.l.dcst,0.680959160178828,830.118152618013
Cucurbitaceae_5g_0.75_1,bcst.dvar,0.687852666692417,830.189094272519
Cucurbitaceae_5g_0.75_1,bcst.dvar.l,0.680370503666749,830.116574889148
Cucurbitaceae_5g_0.75_1,bvar.dvar,0.66524121895824,831.954108474789
