Clade,Model,lamda,AICc
Cucurbitaceae_5g_0.75_2,bcst.d0,0.2548828125,886.787305808428
Cucurbitaceae_5g_0.75_2,bcst.dcst,1.02540327680348,829.865823228099
Cucurbitaceae_5g_0.75_2,bvar.d0,0.428768996148584,844.763790777163
Cucurbitaceae_5g_0.75_2,bvar.l.d0,0.396866687637091,845.202844321299
Cucurbitaceae_5g_0.75_2,bvar.dcst,1.01464714375307,831.951499287838
Cucurbitaceae_5g_0.75_2,bvar.l.dcst,0.406666015355334,847.618449981123
Cucurbitaceae_5g_0.75_2,bcst.dvar,1.01524310677612,831.951823516741
Cucurbitaceae_5g_0.75_2,bcst.dvar.l,1.01516687601288,831.956368402723
Cucurbitaceae_5g_0.75_2,bvar.dvar,1.0213730247544,834.109000004023
