Clade,Model,lamda,AICc
Cucurbitaceae_5g_0.3_9,bcst.d0,0.2570625,2160.20382502657
Cucurbitaceae_5g_0.3_9,bcst.dcst,0.539059569815398,2106.19768098527
Cucurbitaceae_5g_0.3_9,bvar.d0,0.358528042102887,2111.57680399108
Cucurbitaceae_5g_0.3_9,bvar.l.d0,0.35040324064802,2123.01832570717
Cucurbitaceae_5g_0.3_9,bvar.dcst,0.49723040077932,2106.5241342626
Cucurbitaceae_5g_0.3_9,bvar.l.dcst,0.501419651319948,2106.65790681132
Cucurbitaceae_5g_0.3_9,bcst.dvar,0.505663629336182,2106.75272960904
Cucurbitaceae_5g_0.3_9,bcst.dvar.l,0.501317253067056,2106.65568413483
Cucurbitaceae_5g_0.3_9,bvar.dvar,0.454643726797867,2108.87769362929
