Clade,Model,lamda,AICc
Cucurbitaceae_5g_0.1_2,bcst.d0,0.253125,2681.30707241182
Cucurbitaceae_5g_0.1_2,bcst.dcst,0.476115248459964,2628.35810421114
Cucurbitaceae_5g_0.1_2,bvar.d0,0.339301358089142,2635.5830758006
Cucurbitaceae_5g_0.1_2,bvar.l.d0,0.302028392753249,2645.93231403904
Cucurbitaceae_5g_0.1_2,bvar.dcst,0.451139523786614,2629.16119260285
Cucurbitaceae_5g_0.1_2,bvar.l.dcst,0.452923665435476,2629.24768807874
Cucurbitaceae_5g_0.1_2,bcst.dvar,0.45516141902337,2629.28425512048
Cucurbitaceae_5g_0.1_2,bcst.dvar.l,0.453176335885675,2629.24727469207
Cucurbitaceae_5g_0.1_2,bvar.dvar,0.448808994171953,2631.11414163847
