Clade,Model,lamda,AICc
Cucurbitaceae_5g_0.1_5,bcst.d0,0.2550234375,2673.74562042397
Cucurbitaceae_5g_0.1_5,bcst.dcst,0.487174032099569,2618.70936706163
Cucurbitaceae_5g_0.1_5,bvar.d0,0.342610873085309,2627.0749190303
Cucurbitaceae_5g_0.1_5,bvar.l.d0,0.339948351052052,2640.311845847
Cucurbitaceae_5g_0.1_5,bvar.dcst,0.462674654655007,2619.59599556233
Cucurbitaceae_5g_0.1_5,bvar.l.dcst,0.464110889105804,2619.67038770968
Cucurbitaceae_5g_0.1_5,bcst.dvar,0.466021429099155,2619.69080384832
Cucurbitaceae_5g_0.1_5,bcst.dvar.l,0.464187834241607,2619.67021678534
Cucurbitaceae_5g_0.1_5,bvar.dvar,0.459046682564359,2621.57338951827
