Clade,Model,lamda,AICc
Cucurbitaceae_5g_0.75_5,bcst.d0,0.2702109375,847.765360940134
Cucurbitaceae_5g_0.75_5,bcst.dcst,0.726366499771139,822.305622890678
Cucurbitaceae_5g_0.75_5,bvar.d0,0.404773124089159,823.290692301889
Cucurbitaceae_5g_0.75_5,bvar.l.d0,0.343754316029372,828.307394788736
Cucurbitaceae_5g_0.75_5,bvar.dcst,0.616314108840449,822.860933272236
Cucurbitaceae_5g_0.75_5,bvar.l.dcst,0.6235982024864,822.91269570707
Cucurbitaceae_5g_0.75_5,bcst.dvar,0.631520990128461,822.949571531232
Cucurbitaceae_5g_0.75_5,bcst.dvar.l,0.622925145141054,822.911917214187
Cucurbitaceae_5g_0.75_5,bvar.dvar,0.598706510617637,824.992080490024
