Clade,Model,lamda,AICc
Cucurbitaceae_5g_0.3_2,bcst.d0,0.261703125,2142.8955208976
Cucurbitaceae_5g_0.3_2,bcst.dcst,0.545792635968548,2090.15243250955
Cucurbitaceae_5g_0.3_2,bvar.d0,0.364477959484111,2096.50105003497
Cucurbitaceae_5g_0.3_2,bvar.l.d0,0.35448848119115,2106.15591840642
Cucurbitaceae_5g_0.3_2,bvar.dcst,0.507333281368335,2090.57929575355
Cucurbitaceae_5g_0.3_2,bvar.l.dcst,0.510410477847206,2090.67248720431
Cucurbitaceae_5g_0.3_2,bcst.dvar,0.513392757321143,2090.72387297587
Cucurbitaceae_5g_0.3_2,bcst.dvar.l,0.50986420628049,2090.67145614495
Cucurbitaceae_5g_0.3_2,bvar.dvar,0.423895881601349,2095.02499575214
