Clade,Model,lamda,AICc
Cucurbitaceae_5g_0.75_3,bcst.d0,0.257203125,875.779752456172
Cucurbitaceae_5g_0.75_3,bcst.dcst,0.862803579305995,834.253118232259
Cucurbitaceae_5g_0.75_3,bvar.d0,0.410340552790363,840.190454896213
Cucurbitaceae_5g_0.75_3,bvar.l.d0,0.392253856686464,841.420662382452
Cucurbitaceae_5g_0.75_3,bvar.dcst,0.777826796960209,835.615377327392
Cucurbitaceae_5g_0.75_3,bvar.l.dcst,0.392574966996748,843.515684945028
Cucurbitaceae_5g_0.75_3,bcst.dvar,0.786694958952799,835.667986814832
Cucurbitaceae_5g_0.75_3,bcst.dvar.l,0.781602073907977,835.648325545787
Cucurbitaceae_5g_0.75_3,bvar.dvar,0.779748037396059,838.023591840234
