Clade,Model,lamda,AICc
Cucurbitaceae_5g_0.1_10,bcst.d0,0.2547421875,2676.19555571578
Cucurbitaceae_5g_0.1_10,bcst.dcst,0.493508674170677,2618.33625683617
Cucurbitaceae_5g_0.1_10,bvar.d0,0.344533644349583,2627.55590571117
Cucurbitaceae_5g_0.1_10,bvar.l.d0,0.340309755887712,2641.28651327788
Cucurbitaceae_5g_0.1_10,bvar.dcst,0.470174058407716,2619.38466531072
Cucurbitaceae_5g_0.1_10,bvar.l.dcst,0.471775003161339,2619.45602178236
Cucurbitaceae_5g_0.1_10,bcst.dvar,0.47336028465234,2619.47161506809
Cucurbitaceae_5g_0.1_10,bcst.dvar.l,0.471599470409326,2619.45602334485
Cucurbitaceae_5g_0.1_10,bvar.dvar,0.46781449390891,2621.35460132641
