Clade,Model,lamda,AICc
Cucurbitaceae_5g_0.3_4,bcst.d0,0.2588203125,2154.1665401066
Cucurbitaceae_5g_0.3_4,bcst.dcst,0.569456209608772,2093.14459226144
Cucurbitaceae_5g_0.3_4,bvar.d0,0.36440594205577,2104.97480220913
Cucurbitaceae_5g_0.3_4,bvar.l.d0,0.314486617509125,2117.49770776127
Cucurbitaceae_5g_0.3_4,bvar.dcst,0.54500428524696,2094.57108705286
Cucurbitaceae_5g_0.3_4,bvar.l.dcst,0.546171381644589,2094.61424389088
Cucurbitaceae_5g_0.3_4,bcst.dvar,0.547672746969746,2094.60937075086
Cucurbitaceae_5g_0.3_4,bcst.dvar.l,0.546131160646158,2094.61453038871
Cucurbitaceae_5g_0.3_4,bvar.dvar,0.54268209707274,2096.60808521795
