Clade,Model,lamda,AICc
Cucurbitaceae_5g_0.3_8,bcst.d0,0.26240625,2143.34024764573
Cucurbitaceae_5g_0.3_8,bcst.dcst,0.539643783967521,2092.41524659212
Cucurbitaceae_5g_0.3_8,bvar.d0,0.365029631128774,2094.72907625416
Cucurbitaceae_5g_0.3_8,bvar.l.d0,0.372942850816485,2099.87767938492
Cucurbitaceae_5g_0.3_8,bvar.dcst,0.486476837097661,2091.58301859384
Cucurbitaceae_5g_0.3_8,bvar.l.dcst,0.372518676560447,2101.912991978
Cucurbitaceae_5g_0.3_8,bcst.dvar,0.499335401812598,2091.99999942094
Cucurbitaceae_5g_0.3_8,bcst.dvar.l,0.492874109481322,2091.80833203085
Cucurbitaceae_5g_0.3_8,bvar.dvar,0.394297226754679,2096.39960002279
