Clade,Model,lamda,AICc
Cucurbitaceae_5g_0.3_5,bcst.d0,0.259171875,2152.0194712201
Cucurbitaceae_5g_0.3_5,bcst.dcst,0.546812114070569,2097.26307977162
Cucurbitaceae_5g_0.3_5,bvar.d0,0.362149093671123,2104.25047946591
Cucurbitaceae_5g_0.3_5,bvar.l.d0,0.352078288113676,2116.67839549471
Cucurbitaceae_5g_0.3_5,bvar.dcst,0.510497478291869,2097.9369577595
Cucurbitaceae_5g_0.3_5,bvar.l.dcst,0.513594847689337,2098.0329198555
Cucurbitaceae_5g_0.3_5,bcst.dvar,0.516503203781118,2098.07701359891
Cucurbitaceae_5g_0.3_5,bcst.dvar.l,0.513252150332626,2098.03209436197
Cucurbitaceae_5g_0.3_5,bvar.dvar,0.444306545156295,2101.36211837258
