Clade,Model,lamda,AICc
Cucurbitaceae_5g_0.1_9,bcst.d0,0.2615625,2652.38326005701
Cucurbitaceae_5g_0.1_9,bcst.dcst,0.502336290674481,2595.69153768476
Cucurbitaceae_5g_0.1_9,bvar.d0,0.354523826142414,2601.42843984725
Cucurbitaceae_5g_0.1_9,bvar.l.d0,0.356800760148416,2612.78196031427
Cucurbitaceae_5g_0.1_9,bvar.dcst,0.468794579121879,2595.68018743411
Cucurbitaceae_5g_0.1_9,bvar.l.dcst,0.471735826609037,2595.81872108689
Cucurbitaceae_5g_0.1_9,bcst.dvar,0.475158775193122,2595.91236275955
Cucurbitaceae_5g_0.1_9,bcst.dvar.l,0.47137219258214,2595.81621416661
Cucurbitaceae_5g_0.1_9,bvar.dvar,0.459700271515513,2597.59587015185
