Clade,Model,lamda,AICc
Cucurbitaceae_5g_0.1_6,bcst.d0,0.2551640625,2672.66035274656
Cucurbitaceae_5g_0.1_6,bcst.dcst,0.478878065162898,2620.52611186848
Cucurbitaceae_5g_0.1_6,bvar.d0,0.341993668454713,2626.71064513664
Cucurbitaceae_5g_0.1_6,bvar.l.d0,0.340069896815164,2639.73608102219
Cucurbitaceae_5g_0.1_6,bvar.dcst,0.450088647542424,2620.98469569077
Cucurbitaceae_5g_0.1_6,bvar.l.dcst,0.452781495457531,2621.09193029422
Cucurbitaceae_5g_0.1_6,bcst.dvar,0.455337081751339,2621.14761192079
Cucurbitaceae_5g_0.1_6,bcst.dvar.l,0.4525293556853,2621.09065239562
Cucurbitaceae_5g_0.1_6,bvar.dvar,0.448386990419481,2622.92024862707
