Clade,Model,lamda,AICc
Cucurbitaceae_5g_0.1_1,bcst.d0,0.2555859375,2671.16584520707
Cucurbitaceae_5g_0.1_1,bcst.dcst,0.475637094579023,2620.65273104721
Cucurbitaceae_5g_0.1_1,bvar.d0,0.341732614264718,2625.47198807505
Cucurbitaceae_5g_0.1_1,bvar.l.d0,0.340384861662416,2638.43849723592
Cucurbitaceae_5g_0.1_1,bvar.dcst,0.443819396820898,2620.76855095726
Cucurbitaceae_5g_0.1_1,bvar.l.dcst,0.446729891681797,2620.89929428045
Cucurbitaceae_5g_0.1_1,bcst.dvar,0.450161029771552,2620.99463702944
Cucurbitaceae_5g_0.1_1,bcst.dvar.l,0.446503918903738,2620.89661624978
Cucurbitaceae_5g_0.1_1,bvar.dvar,0.438718609042668,2622.67683111535
