Clade,Model,lamda,AICc
Cucurbitaceae_5g_0.5_6,bcst.d0,0.257484375,1597.65335385921
Cucurbitaceae_5g_0.5_6,bcst.dcst,0.545062992823779,1564.01320442455
Cucurbitaceae_5g_0.5_6,bvar.d0,0.352167165177062,1568.42294671837
Cucurbitaceae_5g_0.5_6,bvar.l.d0,0.31307243251237,1574.23538170985
Cucurbitaceae_5g_0.5_6,bvar.dcst,0.501772796041203,1564.96160876517
Cucurbitaceae_5g_0.5_6,bvar.l.dcst,0.503921762789975,1565.01025738173
Cucurbitaceae_5g_0.5_6,bcst.dvar,0.506875248544942,1565.02236052355
Cucurbitaceae_5g_0.5_6,bcst.dvar.l,0.503933683775812,1565.01007451951
Cucurbitaceae_5g_0.5_6,bvar.dvar,0.498215506618972,1567.19015822327
