Clade,Model,lamda,AICc
Cucurbitaceae_5g_0.1_7,bcst.d0,0.253265625,2676.07643812283
Cucurbitaceae_5g_0.1_7,bcst.dcst,0.459140559461391,2630.65180936353
Cucurbitaceae_5g_0.1_7,bvar.d0,0.334011050965001,2635.12902476591
Cucurbitaceae_5g_0.1_7,bvar.l.d0,0.300983005564005,2643.42819135169
Cucurbitaceae_5g_0.1_7,bvar.dcst,0.428968764509721,2630.85359626283
Cucurbitaceae_5g_0.1_7,bvar.l.dcst,0.431680505028817,2630.96375906224
Cucurbitaceae_5g_0.1_7,bcst.dvar,0.434627644085481,2631.03064650988
Cucurbitaceae_5g_0.1_7,bcst.dvar.l,0.431458343889622,2630.96179947033
Cucurbitaceae_5g_0.1_7,bvar.dvar,0.426779498482828,2632.80638591528
