Clade,Model,lamda,AICc
Cucurbitaceae_5g_0.1_8,bcst.d0,0.25453125,2673.45453959518
Cucurbitaceae_5g_0.1_8,bcst.dcst,0.466602643527912,2625.60331755321
Cucurbitaceae_5g_0.1_8,bvar.d0,0.338820234482451,2629.49141802705
Cucurbitaceae_5g_0.1_8,bvar.l.d0,0.339071553402202,2642.42319959104
Cucurbitaceae_5g_0.1_8,bvar.dcst,0.433631429041843,2625.56176706052
Cucurbitaceae_5g_0.1_8,bvar.l.dcst,0.436801182825099,2625.71158682399
Cucurbitaceae_5g_0.1_8,bcst.dvar,0.440514869405846,2625.81610051281
Cucurbitaceae_5g_0.1_8,bcst.dvar.l,0.436769818022583,2625.70800816101
Cucurbitaceae_5g_0.1_8,bvar.dvar,0.423193839635618,2627.50132862297
