Clade,Model,lamda,AICc
Cucurbitaceae_5g_0.75_4,bcst.d0,0.2665546875,858.458903370291
Cucurbitaceae_5g_0.75_4,bcst.dcst,0.813282605610438,825.708453020501
Cucurbitaceae_5g_0.75_4,bvar.d0,0.40274022112217,830.798606600995
Cucurbitaceae_5g_0.75_4,bvar.l.d0,0.395830726348204,832.878508065228
Cucurbitaceae_5g_0.75_4,bvar.dcst,0.726439642936777,826.995071399296
Cucurbitaceae_5g_0.75_4,bvar.l.dcst,0.729434856913049,827.016851570821
Cucurbitaceae_5g_0.75_4,bcst.dvar,0.732757956159767,827.022387058376
Cucurbitaceae_5g_0.75_4,bcst.dvar.l,0.729007528107697,827.01685627284
Cucurbitaceae_5g_0.75_4,bvar.dvar,0.719529514984348,829.094883903042
