Clade,Model,lamda,AICc
Cucurbitaceae_5g_0.5_9,bcst.d0,0.259875,1602.76447601453
Cucurbitaceae_5g_0.5_9,bcst.dcst,0.571571143863341,1563.31125395166
Cucurbitaceae_5g_0.5_9,bvar.d0,0.368647504468497,1562.49031899333
Cucurbitaceae_5g_0.5_9,bvar.l.d0,0.319077132119525,1571.44459808668
Cucurbitaceae_5g_0.5_9,bvar.dcst,0.489485835233664,1561.9065379225
Cucurbitaceae_5g_0.5_9,bvar.l.dcst,0.501595779372014,1562.21061947679
Cucurbitaceae_5g_0.5_9,bcst.dvar,0.511918722639722,1562.46561208651
Cucurbitaceae_5g_0.5_9,bcst.dvar.l,0.500835177848908,1562.19832278938
Cucurbitaceae_5g_0.5_9,bvar.dvar,0.480067201515376,1563.58482751156
