Clade,Model,lamda,AICc
Cucurbitaceae_5g_0.3_6,bcst.d0,0.2553046875,2168.8313707271
Cucurbitaceae_5g_0.3_6,bcst.dcst,0.584073578069675,2099.89999068311
Cucurbitaceae_5g_0.3_6,bvar.d0,0.36646121027861,2114.18236187866
Cucurbitaceae_5g_0.3_6,bvar.l.d0,0.361305471203373,2127.61860746784
Cucurbitaceae_5g_0.3_6,bvar.dcst,0.565885346314427,2101.6111394411
Cucurbitaceae_5g_0.3_6,bvar.l.dcst,0.567007227155204,2101.6477345506
Cucurbitaceae_5g_0.3_6,bcst.dvar,0.568021820311174,2101.63792445613
Cucurbitaceae_5g_0.3_6,bcst.dvar.l,0.56661682630403,2101.64797469694
Cucurbitaceae_5g_0.3_6,bvar.dvar,0.572924819552806,2103.70422658706
