Clade,Model,lamda,AICc
Cucurbitaceae_5g_0.1_3,bcst.d0,0.2570625,2663.11161227914
Cucurbitaceae_5g_0.1_3,bcst.dcst,0.466075014523961,2617.46278926488
Cucurbitaceae_5g_0.1_3,bvar.d0,0.339879132754864,2620.62033881812
Cucurbitaceae_5g_0.1_3,bvar.l.d0,0.348721089669394,2631.9339942168
Cucurbitaceae_5g_0.1_3,bvar.dcst,0.431123340210187,2617.09621614839
Cucurbitaceae_5g_0.1_3,bvar.l.dcst,0.434651128214893,2617.24789018275
Cucurbitaceae_5g_0.1_3,bcst.dvar,0.438507511505736,2617.35871699464
Cucurbitaceae_5g_0.1_3,bcst.dvar.l,0.434365792164894,2617.24342815836
Cucurbitaceae_5g_0.1_3,bvar.dvar,0.439670800203687,2619.2967782053
