Clade,Model,lamda,AICc
Cucurbitaceae_5g_0.3_3,bcst.d0,0.2527734375,2169.47239003102
Cucurbitaceae_5g_0.3_3,bcst.dcst,0.525986754707254,2116.93833507558
Cucurbitaceae_5g_0.3_3,bvar.d0,0.351073947815616,2123.58569731599
Cucurbitaceae_5g_0.3_3,bvar.l.d0,0.306676756198537,2134.54648141007
Cucurbitaceae_5g_0.3_3,bvar.dcst,0.492125797024887,2117.7488731315
Cucurbitaceae_5g_0.3_3,bvar.l.dcst,0.495206243678519,2117.8392276486
Cucurbitaceae_5g_0.3_3,bcst.dvar,0.498329852796159,2117.89396008019
Cucurbitaceae_5g_0.3_3,bcst.dvar.l,0.495002728387815,2117.83838198135
Cucurbitaceae_5g_0.3_3,bvar.dvar,0.488492927325378,2119.67296774629
