Clade,Model,lamda,AICc
Cucurbitaceae_5g_0.75_9,bcst.d0,0.26128125,870.537573204425
Cucurbitaceae_5g_0.75_9,bcst.dcst,0.895058635778454,828.068479458109
Cucurbitaceae_5g_0.75_9,bvar.d0,0.415734642125906,836.973223852914
Cucurbitaceae_5g_0.75_9,bvar.l.d0,0.397561023295902,839.189585855772
Cucurbitaceae_5g_0.75_9,bvar.dcst,0.845153377676393,829.931359074316
Cucurbitaceae_5g_0.75_9,bvar.l.dcst,0.846792621397733,829.946428559221
Cucurbitaceae_5g_0.75_9,bcst.dvar,0.848894042423713,829.942952559935
Cucurbitaceae_5g_0.75_9,bcst.dvar.l,0.84711086686707,829.946504653213
Cucurbitaceae_5g_0.75_9,bvar.dvar,0.923506365555976,832.864817438197
