"Clade","Model","lamda","AICc","AW"
"Cucurbitaceae_5g","bcst.d0",0.255234375,2921.45942248316,6.69413123620728e-13
"Cucurbitaceae_5g","bcst.dcst",0.46353957879154,2868.24362222048,0.240634794600473
"Cucurbitaceae_5g","bvar.d0",0.337532617942263,2875.15081899978,0.00761166561190317
"Cucurbitaceae_5g","bvar.l.d0",0.336914969540816,2889.04551326015,7.31619342051614e-06
"Cucurbitaceae_5g","bvar.dcst",0.438659071372651,2868.81642410006,0.180707457942618
"Cucurbitaceae_5g","bvar.l.dcst",0.44046933858166,2868.91026740087,0.172424217112008
"Cucurbitaceae_5g","bcst.dvar",0.443023120256047,2868.9502416187,0.169012167595309
"Cucurbitaceae_5g","bcst.dvar.l",0.440790398461734,2868.90955804017,0.172485383440293
"Cucurbitaceae_5g","bvar.dvar",0.451888528818548,2871.11997953471,0.0571169975033064
