Clade,Model,lamda,AICc
Cucurbitaceae_5g,bcst.d0,0.255234375,2921.45942248316
Cucurbitaceae_5g,bcst.dcst,0.46353957879154,2868.24362222048
Cucurbitaceae_5g,bvar.d0,0.337532617942263,2875.15081899978
Cucurbitaceae_5g,bvar.l.d0,0.336914969540816,2889.04551326015
Cucurbitaceae_5g,bvar.dcst,0.438659071372651,2868.81642410006
Cucurbitaceae_5g,bvar.l.dcst,0.44046933858166,2868.91026740087
Cucurbitaceae_5g,bcst.dvar,0.443023120256047,2868.9502416187
Cucurbitaceae_5g,bcst.dvar.l,0.440790398461734,2868.90955804017
Cucurbitaceae_5g,bvar.dvar,0.451888528818548,2871.11997953471
