Clade,Model,lamda,AICc
Cucurbitaceae_5g_genus_5,bcst.d0,0.2202890625,401.131236388074
Cucurbitaceae_5g_genus_5,bcst.dcst,0.449788864578575,398.619246334176
Cucurbitaceae_5g_genus_5,bvar.d0,0.304417192105709,395.771701929705
Cucurbitaceae_5g_genus_5,bvar.l.d0,0.280700875661367,396.393733453287
Cucurbitaceae_5g_genus_5,bvar.dcst,0.304510109781492,397.997979309032
Cucurbitaceae_5g_genus_5,bvar.l.dcst,0.299300422627039,398.585033635571
Cucurbitaceae_5g_genus_5,bcst.dvar,0.345219588050586,399.080203053509
Cucurbitaceae_5g_genus_5,bcst.dvar.l,0.26895943495081,398.39252245996
Cucurbitaceae_5g_genus_5,bvar.dvar,0.304451193626401,400.308246715402
