Clade,Model,lamda,AICc
Cucurbitaceae_5g_genus_1,bcst.d0,0.21983203125,398.542866621368
Cucurbitaceae_5g_genus_1,bcst.dcst,0.402067360464207,397.429143151916
Cucurbitaceae_5g_genus_1,bvar.d0,0.296988584878709,394.140780834181
Cucurbitaceae_5g_genus_1,bvar.l.d0,0.277449957746052,394.530704890431
Cucurbitaceae_5g_genus_1,bvar.dcst,0.296997549825735,396.367048625401
Cucurbitaceae_5g_genus_1,bvar.l.dcst,0.2774179385631,396.756981322896
Cucurbitaceae_5g_genus_1,bcst.dvar,0.219818204025945,402.915889307107
Cucurbitaceae_5g_genus_1,bcst.dvar.l,0.260755065105462,396.427824599003
Cucurbitaceae_5g_genus_1,bvar.dvar,0.296964350084496,398.677325890749
