Clade,Model,lamda,AICc
Cucurbitaceae_5g_genus_9,bcst.d0,0.2210625,399.348985586733
Cucurbitaceae_5g_genus_9,bcst.dcst,0.423126300442492,397.666633753396
Cucurbitaceae_5g_genus_9,bvar.d0,0.30196570509453,394.335732911659
Cucurbitaceae_5g_genus_9,bvar.l.d0,0.280573642761518,394.806953105787
Cucurbitaceae_5g_genus_9,bvar.dcst,0.301830855868675,396.562031866774
Cucurbitaceae_5g_genus_9,bvar.l.dcst,0.280597353547855,397.033223083081
Cucurbitaceae_5g_genus_9,bcst.dvar,0.221326080463268,403.722280626945
Cucurbitaceae_5g_genus_9,bcst.dvar.l,0.264283887442781,396.721596295356
Cucurbitaceae_5g_genus_9,bvar.dvar,0.302030619808369,398.872272577419
