Clade,Model,lamda,AICc
Cucurbitaceae_5g_genus_4,bcst.d0,0.2254921875,394.547155030869
Cucurbitaceae_5g_genus_4,bcst.dcst,0.38392185202496,394.216036562053
Cucurbitaceae_5g_genus_4,bvar.d0,0.299787713815932,390.483205430387
Cucurbitaceae_5g_genus_4,bvar.l.d0,0.282981629106544,390.619203882399
Cucurbitaceae_5g_genus_4,bvar.dcst,0.299798344759315,392.709467795861
Cucurbitaceae_5g_genus_4,bvar.l.dcst,0.282948988075722,392.845493549195
Cucurbitaceae_5g_genus_4,bcst.dvar,0.225537672202486,398.920181029668
Cucurbitaceae_5g_genus_4,bcst.dvar.l,0.264417008862556,392.233916892779
Cucurbitaceae_5g_genus_4,bvar.dvar,0.29975390263831,395.019736433247
