Clade,Model,lamda,AICc
Cucurbitaceae_5g_genus_8,bcst.d0,0.21983203125,398.703181124946
Cucurbitaceae_5g_genus_8,bcst.dcst,0.403863640427299,397.530903171226
Cucurbitaceae_5g_genus_8,bvar.d0,0.296827719351783,394.312356537294
Cucurbitaceae_5g_genus_8,bvar.l.d0,0.277330607916616,394.695261108661
Cucurbitaceae_5g_genus_8,bvar.dcst,0.296720597503503,396.538634867651
Cucurbitaceae_5g_genus_8,bvar.l.dcst,0.277342237541548,396.92159949692
Cucurbitaceae_5g_genus_8,bcst.dvar,0.219818204025945,403.076203858215
Cucurbitaceae_5g_genus_8,bcst.dvar.l,0.259722740141577,396.586201403274
Cucurbitaceae_5g_genus_8,bvar.dvar,0.296812167234072,398.848895227486
