Clade,Model,lamda,AICc
Cucurbitaceae_5g_genus_10,bcst.d0,0.2274609375,393.204806019203
Cucurbitaceae_5g_genus_10,bcst.dcst,0.375055201416053,393.154213097522
Cucurbitaceae_5g_genus_10,bvar.d0,0.303006364773578,388.846123634289
Cucurbitaceae_5g_genus_10,bvar.l.d0,0.286073362038527,388.941744712588
Cucurbitaceae_5g_genus_10,bvar.dcst,0.302845017491422,391.072395310673
Cucurbitaceae_5g_genus_10,bvar.l.dcst,0.28624257961878,391.169477760006
Cucurbitaceae_5g_genus_10,bcst.dvar,0.227443729106491,397.577825062744
Cucurbitaceae_5g_genus_10,bcst.dvar.l,0.267751823719965,390.363034929885
Cucurbitaceae_5g_genus_10,bvar.dvar,0.303313780086152,393.382758866596
