Clade,Model,lamda,AICc
Cucurbitaceae_5g_genus_3,bcst.d0,0.2219765625,398.53395744019
Cucurbitaceae_5g_genus_3,bcst.dcst,0.417599478154162,397.018350233752
Cucurbitaceae_5g_genus_3,bvar.d0,0.306129393274432,393.063000890993
Cucurbitaceae_5g_genus_3,bvar.l.d0,0.283179903689957,393.593349030631
Cucurbitaceae_5g_genus_3,bvar.dcst,0.305991406883185,395.289284657075
Cucurbitaceae_5g_genus_3,bvar.l.dcst,0.283235760857641,395.81968964166
Cucurbitaceae_5g_genus_3,bcst.dvar,0.323941885562368,396.685642562659
Cucurbitaceae_5g_genus_3,bcst.dvar.l,0.265856476553142,395.378243346998
Cucurbitaceae_5g_genus_3,bvar.dvar,0.306161470377587,397.599557299844
