Clade,Model,lamda,AICc,AW
Cucurbitaceae_5g_genus_10,bvar.d0,0.303006364773578,388.846123634289,0.434364069899324
