Clade,Model,lamda,AICc
Cucurbitaceae_5g_50_4,bcst.d0,0.14480859375,3492.1987105753
Cucurbitaceae_5g_50_4,bcst.dcst,0.191910641657305,3482.58175847929
Cucurbitaceae_5g_50_4,bvar.d0,0.16563507732928,3485.22433038686
Cucurbitaceae_5g_50_4,bvar.l.d0,0.160581606784716,3486.71894165158
Cucurbitaceae_5g_50_4,bvar.dcst,0.196681326304014,3484.47764665122
Cucurbitaceae_5g_50_4,bvar.l.dcst,0.19550136727745,3484.53941151853
Cucurbitaceae_5g_50_4,bcst.dvar,0.194111615591293,3484.54928994116
Cucurbitaceae_5g_50_4,bcst.dvar.l,0.195445450631869,3484.5394580156
Cucurbitaceae_5g_50_4,bvar.dvar,0.198960877524605,3486.45305204439
