Clade,Model,lamda,AICc
Cucurbitaceae_5g_75_3,bcst.d0,0.0916875,3924.46618868041
Cucurbitaceae_5g_75_3,bcst.dcst,0.091659470491264,3926.48147852123
Cucurbitaceae_5g_75_3,bvar.d0,0.0661304297298193,3896.77034039236
Cucurbitaceae_5g_75_3,bvar.l.d0,0.0683767061279742,3903.07151868964
Cucurbitaceae_5g_75_3,bvar.dcst,0.115609809423399,3861.00817678553
Cucurbitaceae_5g_75_3,bvar.l.dcst,0.108789415324102,3875.28225991416
Cucurbitaceae_5g_75_3,bcst.dvar,0.135212154977525,3918.23208524496
Cucurbitaceae_5g_75_3,bcst.dvar.l,0.163865778057818,3911.37078894792
Cucurbitaceae_5g_75_3,bvar.dvar,0.173877754884528,3631.68797657454
