Clade,Model,lamda,AICc
Cucurbitaceae_5g_30_3,bcst.d0,0.169875,3333.71790078728
Cucurbitaceae_5g_30_3,bcst.dcst,0.242931381921917,3316.71816673936
Cucurbitaceae_5g_30_3,bvar.d0,0.204505693024257,3316.1119530657
Cucurbitaceae_5g_30_3,bvar.l.d0,0.194707270709841,3319.08808904778
Cucurbitaceae_5g_30_3,bvar.dcst,0.225023191109796,3317.42988556651
Cucurbitaceae_5g_30_3,bvar.l.dcst,0.230421869260879,3317.75516283091
Cucurbitaceae_5g_30_3,bcst.dvar,0.234655780105191,3318.0085829271
Cucurbitaceae_5g_30_3,bcst.dvar.l,0.229949073416358,3317.74263564943
Cucurbitaceae_5g_30_3,bvar.dvar,0.22431771768064,3319.31233631102
