Clade,Model,lamda,AICc
Cucurbitaceae_5g_30_1,bcst.d0,0.164109375,3369.47768522588
Cucurbitaceae_5g_30_1,bcst.dcst,0.253921231065178,3342.64437554886
Cucurbitaceae_5g_30_1,bvar.d0,0.199656491051228,3352.11755036137
Cucurbitaceae_5g_30_1,bvar.l.d0,0.188374208810297,3356.16881415385
Cucurbitaceae_5g_30_1,bvar.dcst,0.269776641116091,3343.50109015062
Cucurbitaceae_5g_30_1,bvar.l.dcst,0.26897733729453,3343.6924669539
Cucurbitaceae_5g_30_1,bcst.dvar,0.265569999765629,3343.90241842894
Cucurbitaceae_5g_30_1,bcst.dvar.l,0.268138399489079,3343.6954168118
Cucurbitaceae_5g_30_1,bvar.dvar,0.172916100449649,3296.83130679749
