Clade,Model,lamda,AICc
Cucurbitaceae_5g_75_9,bcst.d0,0.0994921875,3849.4613037687
Cucurbitaceae_5g_75_9,bcst.dcst,0.0995341413861839,3851.47650447862
Cucurbitaceae_5g_75_9,bvar.d0,0.0836434069729876,3841.99165878529
Cucurbitaceae_5g_75_9,bvar.l.d0,0.0858357744687241,3843.96356243196
Cucurbitaceae_5g_75_9,bvar.dcst,0.13162724543708,3817.83079531929
Cucurbitaceae_5g_75_9,bvar.l.dcst,0.125283351628796,3827.44861031516
Cucurbitaceae_5g_75_9,bcst.dvar,0.123085127152702,3851.17166408548
Cucurbitaceae_5g_75_9,bcst.dvar.l,0.151017553688081,3842.42861889594
Cucurbitaceae_5g_75_9,bvar.dvar,0.0449180300947151,3449.29179062397
