Clade,Model,lamda,AICc
Cucurbitaceae_5g_75_5,bcst.d0,0.10121484375,3836.47033957319
Cucurbitaceae_5g_75_5,bcst.dcst,0.101204639938493,3838.48566671086
Cucurbitaceae_5g_75_5,bvar.d0,0.0890046311358311,3832.19600736766
Cucurbitaceae_5g_75_5,bvar.l.d0,0.0889913416940603,3832.69591943456
Cucurbitaceae_5g_75_5,bvar.dcst,0.0890489567133889,3834.21907986924
Cucurbitaceae_5g_75_5,bvar.l.dcst,0.0891437212718503,3834.71946554937
Cucurbitaceae_5g_75_5,bcst.dvar,0.101166169615262,3840.50865909608
Cucurbitaceae_5g_75_5,bcst.dvar.l,0.101282860891649,3840.54511407462
Cucurbitaceae_5g_75_5,bvar.dvar,0.0890020046170919,3836.24970746098
