Clade,Model,lamda,AICc
Cucurbitaceae_5g_75_7,bcst.d0,0.10979296875,3770.58319756839
Cucurbitaceae_5g_75_7,bcst.dcst,0.128562533510121,3768.98671920242
Cucurbitaceae_5g_75_7,bvar.d0,0.115193748536403,3771.65005112102
Cucurbitaceae_5g_75_7,bvar.l.d0,0.114018657836255,3771.86209589019
Cucurbitaceae_5g_75_7,bvar.dcst,0.157340891438926,3763.60568360463
Cucurbitaceae_5g_75_7,bvar.l.dcst,0.150171485927674,3766.36722327514
Cucurbitaceae_5g_75_7,bcst.dvar,0.13926725187819,3769.54978644892
Cucurbitaceae_5g_75_7,bcst.dvar.l,0.149398215414545,3766.65445950929
Cucurbitaceae_5g_75_7,bvar.dvar,0.180547185592422,3454.94735888403
