Clade,Model,lamda,AICc
Cucurbitaceae_5g_30_6,bcst.d0,0.159328125,3408.07816657972
Cucurbitaceae_5g_30_6,bcst.dcst,0.272242115065454,3364.97319462624
Cucurbitaceae_5g_30_6,bvar.d0,0.20274536962228,3380.88154874201
Cucurbitaceae_5g_30_6,bvar.l.d0,0.186627709688717,3388.12739121708
Cucurbitaceae_5g_30_6,bvar.dcst,0.297336169018172,3364.28930863211
Cucurbitaceae_5g_30_6,bvar.l.dcst,0.297928687830791,3364.66695656517
Cucurbitaceae_5g_30_6,bcst.dvar,0.292527382920592,3365.09071474789
Cucurbitaceae_5g_30_6,bcst.dvar.l,0.295120654632124,3364.66926365351
Cucurbitaceae_5g_30_6,bvar.dvar,0.31412040090182,3365.0346112066
