Clade,Model,lamda,AICc
Cucurbitaceae_5g_75_8,bcst.d0,0.10501171875,3804.8223012176
Cucurbitaceae_5g_75_8,bcst.dcst,0.111301066533197,3806.38869758684
Cucurbitaceae_5g_75_8,bvar.d0,0.0998749362863601,3805.93103269472
Cucurbitaceae_5g_75_8,bvar.l.d0,0.100820699112213,3806.14369581124
Cucurbitaceae_5g_75_8,bvar.dcst,0.156903614768616,3784.13066853895
Cucurbitaceae_5g_75_8,bvar.l.dcst,0.150069350617165,3791.26057619128
Cucurbitaceae_5g_75_8,bcst.dvar,0.142325747446495,3803.2922379131
Cucurbitaceae_5g_75_8,bcst.dvar.l,0.160805137477493,3793.93641735664
Cucurbitaceae_5g_75_8,bvar.dvar,0.40009145900848,3533.85589646358
