Clade,Model,lamda,AICc
Cucurbitaceae_5g_50_5,bcst.d0,0.142453125,3512.57748388605
Cucurbitaceae_5g_50_5,bcst.dcst,0.189089915755158,3502.41639706333
Cucurbitaceae_5g_50_5,bvar.d0,0.165035413903843,3503.74692901807
Cucurbitaceae_5g_50_5,bvar.l.d0,0.159260856169831,3505.63915349293
Cucurbitaceae_5g_50_5,bvar.dcst,0.188611566187278,3504.43766753174
Cucurbitaceae_5g_50_5,bvar.l.dcst,0.188867227991024,3504.46686074716
Cucurbitaceae_5g_50_5,bcst.dvar,0.189006196671999,3504.43876517948
Cucurbitaceae_5g_50_5,bcst.dvar.l,0.188634513912907,3504.46691564553
Cucurbitaceae_5g_50_5,bvar.dvar,0.188223102789318,3506.46740199063
