Clade,Model,lamda,AICc
Cucurbitaceae_5g_30_2,bcst.d0,0.1575,3416.41859908641
Cucurbitaceae_5g_30_2,bcst.dcst,0.248230080753565,3386.36352543777
Cucurbitaceae_5g_30_2,bvar.d0,0.195211399548571,3395.03116009794
Cucurbitaceae_5g_30_2,bvar.l.d0,0.182443324852066,3400.14290735806
Cucurbitaceae_5g_30_2,bvar.dcst,0.259824074583715,3387.74155830894
Cucurbitaceae_5g_30_2,bvar.l.dcst,0.258001288740049,3387.8778233463
Cucurbitaceae_5g_30_2,bcst.dvar,0.255934122218094,3387.99017584095
Cucurbitaceae_5g_30_2,bcst.dvar.l,0.258058357093568,3387.87944906302
Cucurbitaceae_5g_30_2,bvar.dvar,0.261739295505432,3389.94454118691
