Clade,Model,lamda,AICc
Cucurbitaceae_5g_10_3,bcst.d0,0.210515625,3120.15665510952
Cucurbitaceae_5g_10_3,bcst.dcst,0.370146107183508,3073.0263672636
Cucurbitaceae_5g_10_3,bvar.d0,0.272987487638233,3083.55797016887
Cucurbitaceae_5g_10_3,bvar.l.d0,0.248666038413684,3091.97508170241
Cucurbitaceae_5g_10_3,bvar.dcst,0.367552817488383,3075.03314109502
Cucurbitaceae_5g_10_3,bvar.l.dcst,0.367774916240764,3075.06478110407
Cucurbitaceae_5g_10_3,bcst.dvar,0.366507483942078,3075.03847786825
Cucurbitaceae_5g_10_3,bcst.dvar.l,0.367682115979763,3075.06488375883
Cucurbitaceae_5g_10_3,bvar.dvar,0.367216761951117,3077.06130079577
