Clade,Model,lamda,AICc
Cucurbitaceae_5g_75_6,bcst.d0,0.10726171875,3781.91944513345
Cucurbitaceae_5g_75_6,bcst.dcst,0.107255071389437,3783.93472650763
Cucurbitaceae_5g_75_6,bvar.d0,0.101046020167269,3782.63625402445
Cucurbitaceae_5g_75_6,bvar.l.d0,0.101986584644724,3782.8869290784
Cucurbitaceae_5g_75_6,bvar.dcst,0.134717244349914,3775.67661538322
Cucurbitaceae_5g_75_6,bvar.l.dcst,0.128125989434707,3779.47487364706
Cucurbitaceae_5g_75_6,bcst.dvar,0.114845606687285,3785.65174568976
Cucurbitaceae_5g_75_6,bcst.dvar.l,0.134374860593943,3782.05139399233
Cucurbitaceae_5g_75_6,bvar.dvar,0.326313312941984,3699.49321472281
