Clade,Model,lamda,AICc
Cucurbitaceae_5g_10_8,bcst.d0,0.2199375,3078.09991321589
Cucurbitaceae_5g_10_8,bcst.dcst,0.38940895232204,3029.02054758479
Cucurbitaceae_5g_10_8,bvar.d0,0.28820122118712,3036.32230894065
Cucurbitaceae_5g_10_8,bvar.l.d0,0.260367150480205,3045.91401434965
Cucurbitaceae_5g_10_8,bvar.dcst,0.375435787930356,3030.48908711784
Cucurbitaceae_5g_10_8,bvar.l.dcst,0.377059064283465,3030.56378536149
Cucurbitaceae_5g_10_8,bcst.dvar,0.378769697932395,3030.59656832118
Cucurbitaceae_5g_10_8,bcst.dvar.l,0.37689059926949,3030.56358698398
Cucurbitaceae_5g_10_8,bvar.dvar,0.368884140674503,3032.66302439124
