Clade,Model,lamda,AICc
Cucurbitaceae_5g_30_4,bcst.d0,0.16133203125,3392.68170301424
Cucurbitaceae_5g_30_4,bcst.dcst,0.26207996853542,3358.62464797758
Cucurbitaceae_5g_30_4,bvar.d0,0.201178309955134,3369.18148867335
Cucurbitaceae_5g_30_4,bvar.l.d0,0.187429804957616,3374.7746421592
Cucurbitaceae_5g_30_4,bvar.dcst,0.2749300629324,3359.89821523573
Cucurbitaceae_5g_30_4,bvar.l.dcst,0.273229629668071,3360.02614910527
Cucurbitaceae_5g_30_4,bcst.dvar,0.271531447206893,3360.13890583656
Cucurbitaceae_5g_30_4,bcst.dvar.l,0.273501387468754,3360.02761849902
Cucurbitaceae_5g_30_4,bvar.dvar,0.28286903355088,3361.44511907082
