Clade,Model,lamda,AICc
Cucurbitaceae_5g_50_1,bcst.d0,0.143015625,3511.04287107956
Cucurbitaceae_5g_50_1,bcst.dcst,0.192461388427758,3499.75896663681
Cucurbitaceae_5g_50_1,bvar.d0,0.167429989324147,3499.95374367168
Cucurbitaceae_5g_50_1,bvar.l.d0,0.16109233547742,3502.09613049761
Cucurbitaceae_5g_50_1,bvar.dcst,0.183622250212267,3501.43040941965
Cucurbitaceae_5g_50_1,bvar.l.dcst,0.186894975815176,3501.58349903146
Cucurbitaceae_5g_50_1,bcst.dvar,0.18952089237107,3501.65160291222
Cucurbitaceae_5g_50_1,bcst.dvar.l,0.187021057630561,3501.58139319233
Cucurbitaceae_5g_50_1,bvar.dvar,0.167442624917256,3504.00747467288
