Clade,Model,lamda,AICc
Cucurbitaceae_5g_10_4,bcst.d0,0.2188125,3072.44629294151
Cucurbitaceae_5g_10_4,bcst.dcst,0.35781816751231,3037.76363495706
Cucurbitaceae_5g_10_4,bvar.d0,0.275143328875144,3045.44297149062
Cucurbitaceae_5g_10_4,bvar.l.d0,0.255693023484148,3050.90903848488
Cucurbitaceae_5g_10_4,bvar.dcst,0.354956831700657,3039.76127917295
Cucurbitaceae_5g_10_4,bvar.l.dcst,0.355109639432987,3039.79983802031
Cucurbitaceae_5g_10_4,bcst.dvar,0.355370881892902,3039.76540303156
Cucurbitaceae_5g_10_4,bcst.dvar.l,0.355223549812003,3039.79997287875
Cucurbitaceae_5g_10_4,bvar.dvar,0.348682454898342,3041.83083097844
