Clade,Model,lamda,AICc
Cucurbitaceae_5g_50_10,bcst.d0,0.132890625,3583.70182372944
Cucurbitaceae_5g_50_10,bcst.dcst,0.175161614553945,3574.49271645327
Cucurbitaceae_5g_50_10,bvar.d0,0.151716396759136,3576.93851333067
Cucurbitaceae_5g_50_10,bvar.l.d0,0.147071733605262,3578.42533457087
Cucurbitaceae_5g_50_10,bvar.dcst,0.180817545379694,3576.32849322363
Cucurbitaceae_5g_50_10,bvar.l.dcst,0.179329256951939,3576.41187939297
Cucurbitaceae_5g_50_10,bcst.dvar,0.177400645730591,3576.44511549594
Cucurbitaceae_5g_50_10,bcst.dvar.l,0.179137325451902,3576.41238950581
Cucurbitaceae_5g_50_10,bvar.dvar,0.189750098833526,3578.19154179899
