Clade,Model,lamda,AICc
Cucurbitaceae_5g_30_9,bcst.d0,0.1646015625,3372.98875480592
Cucurbitaceae_5g_30_9,bcst.dcst,0.264933682112605,3340.12950707101
Cucurbitaceae_5g_30_9,bvar.d0,0.205735862283123,3348.16580141841
Cucurbitaceae_5g_30_9,bvar.l.d0,0.191622330414225,3353.84249609331
Cucurbitaceae_5g_30_9,bvar.dcst,0.270573323635224,3342.01977380843
Cucurbitaceae_5g_30_9,bvar.l.dcst,0.269576748466047,3342.06907523921
Cucurbitaceae_5g_30_9,bcst.dvar,0.26863520760573,3342.06564987814
Cucurbitaceae_5g_30_9,bcst.dvar.l,0.269674059899228,3342.06888738895
Cucurbitaceae_5g_30_9,bvar.dvar,0.273358997622514,3343.9912209073
