Clade,Model,lamda,AICc
Cucurbitaceae_5g_10_2,bcst.d0,0.2193046875,3075.34901454187
Cucurbitaceae_5g_10_2,bcst.dcst,0.382901142305709,3029.30297224033
Cucurbitaceae_5g_10_2,bvar.d0,0.283263668663242,3040.83001611819
Cucurbitaceae_5g_10_2,bvar.l.d0,0.258610098185069,3048.78912925065
Cucurbitaceae_5g_10_2,bvar.dcst,0.384004559257731,3031.32359869461
Cucurbitaceae_5g_10_2,bvar.l.dcst,0.38387193239241,3031.35653245222
Cucurbitaceae_5g_10_2,bcst.dvar,0.383889454905164,3031.32394456514
Cucurbitaceae_5g_10_2,bcst.dvar.l,0.38370928436227,3031.3565412805
Cucurbitaceae_5g_10_2,bvar.dvar,0.382373342657467,3033.36126669188
