Clade,Model,lamda,AICc
Cucurbitaceae_5g_75_2,bcst.d0,0.10360546875,3811.38699861156
Cucurbitaceae_5g_75_2,bcst.dcst,0.103602503801454,3813.40226321216
Cucurbitaceae_5g_75_2,bvar.d0,0.0913203932717443,3807.7815108017
Cucurbitaceae_5g_75_2,bvar.l.d0,0.0924637826512781,3808.64238564699
Cucurbitaceae_5g_75_2,bvar.dcst,0.117125795452205,3803.23618425451
Cucurbitaceae_5g_75_2,bvar.l.dcst,0.110769081164023,3807.13561801362
Cucurbitaceae_5g_75_2,bcst.dvar,0.103598041186447,3815.42527222607
Cucurbitaceae_5g_75_2,bcst.dvar.l,0.10373176544479,3815.44563003202
Cucurbitaceae_5g_75_2,bvar.dvar,0.0965846518104338,3276.42327708161
