Clade,Model,lamda,AICc
Cucurbitaceae_5g_50_9,bcst.d0,0.12403125,3645.63181405354
Cucurbitaceae_5g_50_9,bcst.dcst,0.155283504300938,3640.3308347683
Cucurbitaceae_5g_50_9,bvar.d0,0.134514474244206,3644.82160963917
Cucurbitaceae_5g_50_9,bvar.l.d0,0.132081737187498,3645.38067577841
Cucurbitaceae_5g_50_9,bvar.dcst,0.179738756436953,3637.23422591312
Cucurbitaceae_5g_50_9,bvar.l.dcst,0.17605385925325,3638.4934476642
Cucurbitaceae_5g_50_9,bcst.dvar,0.16961593163184,3640.38775312394
Cucurbitaceae_5g_50_9,bcst.dvar.l,0.175741423919164,3638.60614228342
Cucurbitaceae_5g_50_9,bvar.dvar,0.252542768550344,3569.80157321143
