Clade,Model,lamda,AICc
Cucurbitaceae_5g_10_5,bcst.d0,0.2165625,3091.42673453732
Cucurbitaceae_5g_10_5,bcst.dcst,0.37600219141723,3046.09381614732
Cucurbitaceae_5g_10_5,bvar.d0,0.280218306387606,3054.88312948464
Cucurbitaceae_5g_10_5,bvar.l.d0,0.25538292609108,3063.06689402288
Cucurbitaceae_5g_10_5,bvar.dcst,0.368919990720911,3047.96884001649
Cucurbitaceae_5g_10_5,bvar.l.dcst,0.369560625290351,3048.01481489119
Cucurbitaceae_5g_10_5,bcst.dvar,0.370391075471694,3047.99420800897
Cucurbitaceae_5g_10_5,bcst.dvar.l,0.36932775750757,3048.01512572045
Cucurbitaceae_5g_10_5,bvar.dvar,0.310441361580201,3056.34528733767
