Clade,Model,lamda,AICc
Cucurbitaceae_5g_50_3,bcst.d0,0.13974609375,3516.18001991629
Cucurbitaceae_5g_50_3,bcst.dcst,0.150157485783129,3517.47927242484
Cucurbitaceae_5g_50_3,bvar.d0,0.146531505223263,3517.11207022993
Cucurbitaceae_5g_50_3,bvar.l.d0,0.145754645103632,3517.23464115308
Cucurbitaceae_5g_50_3,bvar.dcst,0.146606607649112,3519.13526119446
Cucurbitaceae_5g_50_3,bvar.l.dcst,0.145767967208562,3519.25761765513
Cucurbitaceae_5g_50_3,bcst.dvar,0.149343125494796,3519.43508514767
Cucurbitaceae_5g_50_3,bcst.dvar.l,0.145047693063007,3519.25000919001
Cucurbitaceae_5g_50_3,bvar.dvar,0.146522320234204,3521.1657623461
