Clade,Model,lamda,AICc
Cucurbitaceae_5g_10_10,bcst.d0,0.2090390625,3135.34156257844
Cucurbitaceae_5g_10_10,bcst.dcst,0.389460345565022,3075.88543837811
Cucurbitaceae_5g_10_10,bvar.d0,0.279538944265919,3087.03879918913
Cucurbitaceae_5g_10_10,bvar.l.d0,0.249079681267751,3099.42912894755
Cucurbitaceae_5g_10_10,bvar.dcst,0.381621820062288,3077.73427342714
Cucurbitaceae_5g_10_10,bvar.l.dcst,0.382273345413493,3077.77973319826
Cucurbitaceae_5g_10_10,bcst.dvar,0.383510035090774,3077.76904007902
Cucurbitaceae_5g_10_10,bcst.dvar.l,0.382735106126718,3077.77995587636
Cucurbitaceae_5g_10_10,bvar.dvar,0.379854557997098,3079.72595611856
