Clade,Model,lamda,AICc
Cucurbitaceae_5g_50_6,bcst.d0,0.1343671875,3561.70385552539
Cucurbitaceae_5g_50_6,bcst.dcst,0.164255711294536,3557.95392899594
Cucurbitaceae_5g_50_6,bvar.d0,0.146029979025011,3560.55237803083
Cucurbitaceae_5g_50_6,bvar.l.d0,0.143740281006021,3561.06491665481
Cucurbitaceae_5g_50_6,bvar.dcst,0.177100320343736,3558.75651980169
Cucurbitaceae_5g_50_6,bvar.l.dcst,0.17471202378606,3559.07367094252
Cucurbitaceae_5g_50_6,bcst.dvar,0.17072595489401,3559.49776899701
Cucurbitaceae_5g_50_6,bcst.dvar.l,0.174327231321877,3559.08849987502
Cucurbitaceae_5g_50_6,bvar.dvar,0.217473871825014,3552.10583780341
