Clade,Model,lamda,AICc
Cucurbitaceae_5g_50_2,bcst.d0,0.136546875,3539.6081332602
Cucurbitaceae_5g_50_2,bcst.dcst,0.145220805796562,3541.09781509258
Cucurbitaceae_5g_50_2,bvar.d0,0.142132936348835,3540.86325391527
Cucurbitaceae_5g_50_2,bvar.l.d0,0.141493138909271,3540.95911092412
Cucurbitaceae_5g_50_2,bvar.dcst,0.142656119709252,3542.90020979119
Cucurbitaceae_5g_50_2,bvar.l.dcst,0.141364232725516,3542.98221074719
Cucurbitaceae_5g_50_2,bcst.dvar,0.136537682722724,3543.64642773563
Cucurbitaceae_5g_50_2,bcst.dvar.l,0.141186614070808,3542.97906831528
Cucurbitaceae_5g_50_2,bvar.dvar,0.142121696602356,3544.91686908055
