Clade,Model,lamda,AICc
Cucurbitaceae_5g_10_7,bcst.d0,0.2115,3120.81330898365
Cucurbitaceae_5g_10_7,bcst.dcst,0.388483894490181,3064.52905780677
Cucurbitaceae_5g_10_7,bvar.d0,0.27955397124053,3077.27634426628
Cucurbitaceae_5g_10_7,bvar.l.d0,0.250906845991292,3088.17077753422
Cucurbitaceae_5g_10_7,bvar.dcst,0.385743286920115,3066.53132564578
Cucurbitaceae_5g_10_7,bvar.l.dcst,0.386195523401887,3066.55985424871
Cucurbitaceae_5g_10_7,bcst.dvar,0.386333482269215,3066.53470045898
Cucurbitaceae_5g_10_7,bcst.dvar.l,0.386062738185455,3066.55997405815
Cucurbitaceae_5g_10_7,bvar.dvar,0.38519281993625,3068.55836511612
