Clade,Model,lamda,AICc
Cucurbitaceae_5g_75_1,bcst.d0,0.10402734375,3806.25225327054
Cucurbitaceae_5g_75_1,bcst.dcst,0.104024344756078,3808.26753450419
Cucurbitaceae_5g_75_1,bvar.d0,0.0912163115618751,3801.95415233327
Cucurbitaceae_5g_75_1,bvar.l.d0,0.0920949077570368,3802.83360747554
Cucurbitaceae_5g_75_1,bvar.dcst,0.115333561187827,3798.61241115921
Cucurbitaceae_5g_75_1,bvar.l.dcst,0.10926565079081,3801.94415627775
Cucurbitaceae_5g_75_1,bcst.dvar,0.104047393454474,3810.29051280187
Cucurbitaceae_5g_75_1,bcst.dvar.l,0.118931870608538,3809.22413837424
Cucurbitaceae_5g_75_1,bvar.dvar,0.296793187284691,3560.13508343044
