Clade,Model,lamda,AICc
Cucurbitaceae_5g_30_10,bcst.d0,0.1546875,3434.7315249665
Cucurbitaceae_5g_30_10,bcst.dcst,0.259195406550351,3396.20921648845
Cucurbitaceae_5g_30_10,bvar.d0,0.192892211363467,3412.84953616559
Cucurbitaceae_5g_30_10,bvar.l.d0,0.179323319602991,3418.62550780592
Cucurbitaceae_5g_30_10,bvar.dcst,0.288119930463826,3394.11331563499
Cucurbitaceae_5g_30_10,bvar.l.dcst,0.286641844162382,3394.60517649903
Cucurbitaceae_5g_30_10,bcst.dvar,0.283913963964471,3395.25056146231
Cucurbitaceae_5g_30_10,bcst.dvar.l,0.286376062623438,3394.62422662899
Cucurbitaceae_5g_30_10,bvar.dvar,0.223883551249325,3370.85644802213
