Clade,Model,lamda,AICc
Cucurbitaceae_5g_30_8,bcst.d0,0.17128125,3322.11498516811
Cucurbitaceae_5g_30_8,bcst.dcst,0.248807616623562,3303.16298451353
Cucurbitaceae_5g_30_8,bvar.d0,0.205267718192155,3307.11490560718
Cucurbitaceae_5g_30_8,bvar.l.d0,0.195496180760338,3310.0671886427
Cucurbitaceae_5g_30_8,bvar.dcst,0.249362463685641,3305.18498698247
Cucurbitaceae_5g_30_8,bvar.l.dcst,0.249133126588438,3305.21196622436
Cucurbitaceae_5g_30_8,bcst.dvar,0.249092082409416,3305.18535394597
Cucurbitaceae_5g_30_8,bcst.dvar.l,0.24908193870843,3305.21193838887
Cucurbitaceae_5g_30_8,bvar.dvar,0.252996136316849,3307.24650303409
