Clade,Model,lamda,AICc
Cucurbitaceae_5g_75_4,bcst.d0,0.0954140625,3896.5152107639
Cucurbitaceae_5g_75_4,bcst.dcst,0.0953917610369221,3898.53064742685
Cucurbitaceae_5g_75_4,bvar.d0,0.0828824790776707,3892.28843180356
Cucurbitaceae_5g_75_4,bvar.l.d0,0.085114651916341,3893.75824392926
Cucurbitaceae_5g_75_4,bvar.dcst,0.142896072791995,3855.63266660851
Cucurbitaceae_5g_75_4,bvar.l.dcst,0.13839639217656,3866.52903171524
Cucurbitaceae_5g_75_4,bcst.dvar,0.143319941527831,3890.70372992268
Cucurbitaceae_5g_75_4,bcst.dvar.l,0.166694980576873,3877.36378404684
Cucurbitaceae_5g_75_4,bvar.dvar,0.202155404155803,3727.43526365421
