Clade,Model,lamda,AICc
Cucurbitaceae_5g_10_1,bcst.d0,0.2101640625,3125.06124650535
Cucurbitaceae_5g_10_1,bcst.dcst,0.373651518217914,3075.10250761634
Cucurbitaceae_5g_10_1,bvar.d0,0.275678095181902,3083.90879187334
Cucurbitaceae_5g_10_1,bvar.l.d0,0.249114181135185,3093.69208781029
Cucurbitaceae_5g_10_1,bvar.dcst,0.365082857817834,3076.90168335717
Cucurbitaceae_5g_10_1,bvar.l.dcst,0.366135511711953,3076.95097933773
Cucurbitaceae_5g_10_1,bcst.dvar,0.367157415575255,3076.94780787328
Cucurbitaceae_5g_10_1,bcst.dvar.l,0.366073815996664,3076.9512066369
Cucurbitaceae_5g_10_1,bvar.dvar,0.363427730493663,3078.89060937148
