Clade,Model,lamda,AICc
Cucurbitaceae_5g_10_6,bcst.d0,0.209390625,3134.200394136
Cucurbitaceae_5g_10_6,bcst.dcst,0.3923133896318,3073.02071097205
Cucurbitaceae_5g_10_6,bvar.d0,0.281068175415811,3085.42270555754
Cucurbitaceae_5g_10_6,bvar.l.d0,0.249951109061945,3098.19157922363
Cucurbitaceae_5g_10_6,bvar.dcst,0.388322820508466,3074.99612652378
Cucurbitaceae_5g_10_6,bvar.l.dcst,0.388412835375853,3075.02652000779
Cucurbitaceae_5g_10_6,bcst.dvar,0.389239923911632,3075.00586272022
Cucurbitaceae_5g_10_6,bcst.dvar.l,0.388449695289225,3075.02669482253
Cucurbitaceae_5g_10_6,bvar.dvar,0.387170130523433,3077.01447182297
