Clade,Model,lamda,AICc
Cucurbitaceae_5g_75_10,bcst.d0,0.10086328125,3841.08888338383
Cucurbitaceae_5g_75_10,bcst.dcst,0.100886358608857,3843.10435951392
Cucurbitaceae_5g_75_10,bvar.d0,0.0898505647924322,3838.54522363147
Cucurbitaceae_5g_75_10,bvar.l.d0,0.0912606960790474,3839.39936394479
Cucurbitaceae_5g_75_10,bvar.dcst,0.126775684940441,3826.77667857522
Cucurbitaceae_5g_75_10,bvar.l.dcst,0.118145828835571,3833.78169572473
Cucurbitaceae_5g_75_10,bcst.dvar,0.100873525674276,3845.12707781236
Cucurbitaceae_5g_75_10,bcst.dvar.l,0.129167853861991,3840.99683227669
Cucurbitaceae_5g_75_10,bvar.dvar,0.0390951654825593,3578.93226909144
