Clade,Model,lamda,AICc
Cucurbitaceae_5g_50_7,bcst.d0,0.1377421875,3548.44110300801
Cucurbitaceae_5g_50_7,bcst.dcst,0.190118978982791,3534.41571835968
Cucurbitaceae_5g_50_7,bvar.d0,0.161191308244664,3538.67854767875
Cucurbitaceae_5g_50_7,bvar.l.d0,0.154570187492536,3541.05643711629
Cucurbitaceae_5g_50_7,bvar.dcst,0.202016852160929,3535.60260550788
Cucurbitaceae_5g_50_7,bvar.l.dcst,0.199254455471971,3535.87964690183
Cucurbitaceae_5g_50_7,bcst.dvar,0.195686891101044,3536.10704139716
Cucurbitaceae_5g_50_7,bcst.dvar.l,0.199006552072635,3535.88660679159
Cucurbitaceae_5g_50_7,bvar.dvar,0.157069971047088,3381.67364502077
