Clade,Model,lamda,AICc
Cucurbitaceae_5g_50_8,bcst.d0,0.137671875,3543.111612756
Cucurbitaceae_5g_50_8,bcst.dcst,0.170288479945448,3538.41660900111
Cucurbitaceae_5g_50_8,bvar.d0,0.155168266748191,3538.04385069798
Cucurbitaceae_5g_50_8,bvar.l.d0,0.151381899883738,3539.06108744976
Cucurbitaceae_5g_50_8,bvar.dcst,0.160461670619201,3540.01237840962
Cucurbitaceae_5g_50_8,bvar.l.dcst,0.165342705009647,3540.2210219164
Cucurbitaceae_5g_50_8,bcst.dvar,0.168240264789147,3540.32538046642
Cucurbitaceae_5g_50_8,bcst.dvar.l,0.161316970040355,3540.27417266465
Cucurbitaceae_5g_50_8,bvar.dvar,0.155106971358056,3542.09752618698
