Clade,Model,lamda,AICc
Cucurbitaceae_5g_30_5,bcst.d0,0.163265625,3374.1591649536
Cucurbitaceae_5g_30_5,bcst.dcst,0.243753916793285,3352.49225145513
Cucurbitaceae_5g_30_5,bvar.d0,0.196914140020112,3357.14810563239
Cucurbitaceae_5g_30_5,bvar.l.d0,0.186971881806243,3360.43678150547
Cucurbitaceae_5g_30_5,bvar.dcst,0.243047470957631,3354.5125641814
Cucurbitaceae_5g_30_5,bvar.l.dcst,0.243218031842009,3354.53873171776
Cucurbitaceae_5g_30_5,bcst.dvar,0.243465437540447,3354.51344203729
Cucurbitaceae_5g_30_5,bcst.dvar.l,0.243182983024625,3354.53877553181
Cucurbitaceae_5g_30_5,bvar.dvar,0.242980131282928,3356.5427220213
