Clade,Model,lamda,AICc
Cucurbitaceae_5g_10_9,bcst.d0,0.2225390625,3057.27324029423
Cucurbitaceae_5g_10_9,bcst.dcst,0.37997984987499,3015.99949885666
Cucurbitaceae_5g_10_9,bvar.d0,0.284259595198674,3024.74819744852
Cucurbitaceae_5g_10_9,bvar.l.d0,0.261083418716592,3031.46034540777
Cucurbitaceae_5g_10_9,bvar.dcst,0.371793819121238,3017.79883356787
Cucurbitaceae_5g_10_9,bvar.l.dcst,0.371989971021065,3017.83952797301
Cucurbitaceae_5g_10_9,bcst.dvar,0.372679563882651,3017.8182937781
Cucurbitaceae_5g_10_9,bcst.dvar.l,0.372293083218587,3017.83997370411
Cucurbitaceae_5g_10_9,bvar.dvar,0.370331796970678,3019.82109435882
