Clade,Model,lamda,AICc
Cucurbitaceae_5g_30_7,bcst.d0,0.15626953125,3431.75526504391
Cucurbitaceae_5g_30_7,bcst.dcst,0.290106589791395,3373.98465192998
Cucurbitaceae_5g_30_7,bvar.d0,0.203613973425763,3399.29509158866
Cucurbitaceae_5g_30_7,bvar.l.d0,0.184576698423857,3408.8208170377
Cucurbitaceae_5g_30_7,bvar.dcst,0.3300658859724,3369.13663219135
Cucurbitaceae_5g_30_7,bvar.l.dcst,0.32871273058787,3369.85260211502
Cucurbitaceae_5g_30_7,bcst.dvar,0.326202079282085,3370.76761681537
Cucurbitaceae_5g_30_7,bcst.dvar.l,0.328368670108326,3369.87964379575
Cucurbitaceae_5g_30_7,bvar.dvar,0.413270924342393,3360.62776381407
