tree_id,sprate
Cucurbitaceae_5g_genus_1,0.178025469094699
Cucurbitaceae_5g_genus_2,0.177395320815106
Cucurbitaceae_5g_genus_3,0.173029307443893
Cucurbitaceae_5g_genus_4,0.178453389890953
Cucurbitaceae_5g_genus_5,0.178091581685628
Cucurbitaceae_5g_genus_6,0.174603918524507
Cucurbitaceae_5g_genus_7,0.178333818584537
Cucurbitaceae_5g_genus_8,0.175076993048003
Cucurbitaceae_5g_genus_9,0.176647955703749
Cucurbitaceae_5g_genus_10,0.174582062887845
