tree_id	Mean_tiprate
Cucurbitaceae_5g_genus_1	0.127502589908029
Cucurbitaceae_5g_genus_2	0.125065967546489
Cucurbitaceae_5g_genus_3	0.126570884680531
Cucurbitaceae_5g_genus_4	0.130529733273166
Cucurbitaceae_5g_genus_5	0.127363933027684
Cucurbitaceae_5g_genus_6	0.130707952581964
Cucurbitaceae_5g_genus_7	0.130482053007199
Cucurbitaceae_5g_genus_8	0.12623607710902
Cucurbitaceae_5g_genus_9	0.127197799142642
Cucurbitaceae_5g_genus_10	0.123107856466305
