tree_id,sprate
Cucurbitaceae_5g_genus_1,0.255870859825835
Cucurbitaceae_5g_genus_2,0.255422393123605
Cucurbitaceae_5g_genus_3,0.250909648507484
Cucurbitaceae_5g_genus_4,0.256501341352161
Cucurbitaceae_5g_genus_5,0.255700398006205
Cucurbitaceae_5g_genus_6,0.251054790339771
Cucurbitaceae_5g_genus_7,0.255880118210505
Cucurbitaceae_5g_genus_8,0.248953270531466
Cucurbitaceae_5g_genus_9,0.259282489194937
Cucurbitaceae_5g_genus_10,0.24918964056327
