tree_id,sprate
Cucurbitaceae_20k_genus_1,0.255870859825835
Cucurbitaceae_20k_genus_2,0.255422393123605
Cucurbitaceae_20k_genus_3,0.250909648507484
Cucurbitaceae_20k_genus_4,0.256501341352161
Cucurbitaceae_20k_genus_5,0.255700398006205
Cucurbitaceae_20k_genus_6,0.251054790339771
Cucurbitaceae_20k_genus_7,0.255880118210505
Cucurbitaceae_20k_genus_8,0.248953270531466
Cucurbitaceae_20k_genus_9,0.259282489194937
Cucurbitaceae_20k_genus_10,0.24918964056327
