treatment,mean(speciation_rate)
Cucurbitaceae_5g_10,0.387119411172652
Cucurbitaceae_5g_30,0.85355312269728
Cucurbitaceae_5g_50,0.960827855801336
Cucurbitaceae_5g_75,0.954518599207624
