treatment,mean(tiprate)
Cucurbitaceae_5g_10,0.405402738145659
Cucurbitaceae_5g_30,0.366157741517885
Cucurbitaceae_5g_50,0.366117307967375
Cucurbitaceae_5g_75,0.341210744039299
